id,titulo,marca,modelo,ano,condicao,preco_valor,preco_moeda,loja,url
90739969,GIBSON L-7C SUNBURST de 1961,Gibson,GIBSON L-7C SUNBURST de 1961,1961,Very Good,11070.54,USD,Le Guitarium,https://reverb.com/item/90739969-gibson-l-7c-sunburst-de-1961
99476162,🌟 GOLDEN ERA MASTERPIECE: 1951 GIBSON L-4C ARCHTOP 🌟,Gibson,L-4C,1951,Very Good,4695.00,USD,The Music Guild,https://reverb.com/item/99476162-golden-era-masterpiece-1951-gibson-l-4c-archtop
97630722,Gibson L-7-C 1952 - sunburst,Gibson,L-7-C,1952,Very Good,7200.00,USD,Stevie's Guitars at Lays,https://reverb.com/item/97630722-gibson-l-7-c-1952-sunburst
92565652,Gibson L4C 1956 - Blonde - OHSC,Gibson,l4C,1956,Excellent,7250.00,USD,Shore Point Vintage Guitars ,https://reverb.com/item/92565652-gibson-l4c-1956-blonde-ohsc
2735903,Gibson L4C 1952 Natural,Gibson,L4C,1952,Very Good,7500.00,USD,Bill's Music,https://reverb.com/item/2735903-gibson-l4c-1952-natural
94928864,Gibson L7C 1965 - Sunburst,Gibson,L7C,1965,Excellent,7995.00,USD,Best guitars,https://reverb.com/item/94928864-gibson-l7c-1965-sunburst
91384939,1967 Gibson L-4C Sunburst RARE L4 Archtop Hollowbody Carved Top ES-175 American Vintage 60s 1960's Kalamazoo USA Custom Order Pre CES L4CES,Gibson,L-4C,1967,Excellent,8422.03,USD,Randy's Guitar Collection,https://reverb.com/item/91384939-1967-gibson-l-4c-sunburst-rare-l4-archtop-hollowbody-carved-top-es-175-american-vintage-60s-1960-s-kalamazoo-usa-custom-order-pre-ces-l4ces
91704893,Gibson L7C Black 1950,Gibson,L7C,1950,Good,8000.00,USD,Chicago Music Exchange,https://reverb.com/item/91704893-gibson-l7c-black-1950
95024024,"Gibson L-4C Archtop Guitar, 1958, Sunburst Finish, Original Brown Case",Gibson,L-4C,1958,Very Good,4999.00,USD,Clark's Music,https://reverb.com/item/95024024-gibson-l-4c-archtop-guitar-1958-sunburst-finish-original-brown-case
99187290,Gibson Custom Shop Gibson 2023 1942 Banner J-45 Murphy Lab Light Aged,Gibson,Gibson 2023 1942 Banner J-45 Murphy Lab Light Aged,2023,Very Good,4902.86,USD,TC GAKKI,https://reverb.com/item/99187290-gibson-custom-shop-gibson-2023-1942-banner-j-45-murphy-lab-light-aged
78824190,Gibson L-00 Standard Vintage Sunburst,Gibson,Gibson L-00 Standard,,Mint,2761.67,USD,OrganigramaGuitars,https://reverb.com/item/78824190-gibson-l-00-standard-vintage-sunburst
75395340,Gibson SJ-200 Studio Rosewood - Rosewood Burst,Gibson,Gibson SJ-200 Studio Rosewood - Rosewood Burst,,Brand New,4199.00,USD,Dave's Guitar Shop,https://reverb.com/item/75395340-gibson-sj-200-studio-rosewood-rosewood-burst
98821809,Gibson Everly Brothers J-180 Acoustic Electric Guitar,Gibson,Gibson Everly Brothers J-180 Acoustic Electric Guitar,,Mint,4249.89,USD,Sam Ash Music Direct,https://reverb.com/item/98821809-gibson-everly-brothers-j-180-acoustic-electric-guitar
94786460,Gibson J-45 Standard Vintage Sunburst,Gibson,Gibson J-45 Standard Vintage Sunburst,,Brand New,2994.03,USD,Music City Canada,https://reverb.com/item/94786460-gibson-j-45-standard-vintage-sunburst
98821880,Gibson SJ 200 Studio Walnut Natural,Gibson,Gibson SJ 200 Studio Walnut Natural,,Mint,3144.89,USD,Sam Ash Music Direct,https://reverb.com/item/98821880-gibson-sj-200-studio-walnut-natural
98156748,Gibson Pre-War SJ-200 Rosewood Murphy Lab Light Aged Faded Vintage Sunburst,Gibson,Gibson Pre-War SJ-200 Rosewood Murphy Lab Light Aged Faded,,Brand New,8499.00,USD,The Music Zoo,https://reverb.com/item/98156748-gibson-pre-war-sj-200-rosewood-murphy-lab-light-aged-faded-vintage-sunburst
100052924,Gibson Pre-War SJ-200 Rosewood Murphy Lab Light Aged Faded Vintage Sunburst,Gibson,Gibson Pre-War SJ-200 Rosewood Murphy Lab Light Aged Faded,,Brand New,8499.00,USD,The Music Zoo,https://reverb.com/item/100052924-gibson-pre-war-sj-200-rosewood-murphy-lab-light-aged-faded-vintage-sunburst
100246281,Gibson Custom Shop Montana RAVEN Kirk Hammett Ebony Acoustic Guitar SIGNED! 2025,Gibson,Gibson Custom Shop Montana RAVEN Kirk Hammett Ebony Acoustic Guitar SIGNED! 2025,2025,Mint,7250.00,USD,Kansas City Vintage Guitars,https://reverb.com/item/100246281-gibson-custom-shop-montana-raven-kirk-hammett-ebony-acoustic-guitar-signed-2025
84327597,Gibson Everly Brothers J-180 Ebony w/case,Gibson,Gibson Everly Brothers J-180 Ebony w/case,,Brand New,4999.00,USD,Tone Shop Guitars,https://reverb.com/item/84327597-gibson-everly-brothers-j-180-ebony-w-case
84581723,Gibson Hummingbird Standard Acoustic-Electric Left-Handed Vintage Cherry Sunburst,Gibson,Gibson Hummingbird Standard -Electric Left-Handed,,Brand New,3999.00,USD,The Music Zoo,https://reverb.com/item/84581723-gibson-hummingbird-standard-acoustic-electric-left-handed-vintage-cherry-sunburst
99904587,Gibson - SJ-200 Standard - Acoustic-Electric Guitar - Classic White - w/ Hardshell Case,Gibson,Gibson - SJ-200 Standard - -Electric Guitar - - w/ Hardshell Case,,Brand New,6499.00,USD,Manchester Music Mill,https://reverb.com/item/99904587-gibson-sj-200-standard-acoustic-electric-guitar-classic-white-w-hardshell-case
73092091,Gibson 1942 Banner J-45 - Vintage Sunburst,Gibson,Gibson 1942 Banner J-45 - Vintage Sunburst,,Brand New,4999.00,USD,Dave's Guitar Shop,https://reverb.com/item/73092091-gibson-1942-banner-j-45-vintage-sunburst
99016178,Gibson Songwriter Deluxe EC Studio Acoustic-Electric Guitar 2011 Pre-Owned,Gibson,Gibson Songwriter Deluxe EC Studio Acoustic-Electric Guitar 2011 Pre-Owned,,Very Good,2777.21,USD,The Rock Inn,https://reverb.com/item/99016178-gibson-songwriter-deluxe-ec-studio-acoustic-electric-guitar-2011-pre-owned
86937136,Gibson SJ-200 Studio Walnut Gloss Top Natural w/case,Gibson,Gibson SJ-200 Studio Walnut Gloss Top Natural w/case,,Brand New,3699.00,USD,Tone Shop Guitars,https://reverb.com/item/86937136-gibson-sj-200-studio-walnut-gloss-top-natural-w-case
67497981,Gibson Hummingbird Standard Vintage Sunburst,Gibson,Gibson Standard Sunburst,,Brand New,3999.00,USD,Detroit Guitar,https://reverb.com/item/67497981-gibson-hummingbird-standard-vintage-sunburst
99406250,Gibson Hummingbird Standard Vintage Sunburst (020),Gibson,Gibson Hummingbird Standard Vintage Sunburst (020),,Brand New,3999.00,USD,Willcutt Guitars,https://reverb.com/item/99406250-gibson-hummingbird-standard-vintage-sunburst-020
40115074,CHITARRA ACUSTICA GIBSON J-45 STANDARD Vintage Sunburst,Gibson,GIBSON,,Brand New,3732.61,USD,Firefly Audio,https://reverb.com/item/40115074-chitarra-acustica-gibson-j-45-standard-vintage-sunburst
99554712,Gibson J-45 Standard - Vintage Sunburst,Gibson,Gibson J-45 Standard - Vintage Sunburst,,Brand New,2999.00,USD,Music Villa,https://reverb.com/item/99554712-gibson-j-45-standard-vintage-sunburst
97947665,Gibson 50’s J-45 Original Ebony,Gibson,Gibson 50’s J-45 Original Ebony,,Brand New,3199.00,USD,Music Villa,https://reverb.com/item/97947665-gibson-50-s-j-45-original-ebony
99754807,Gibson J-45 Standard Acoustic Guitar - Vintage Sunburst,Gibson,Gibson J-45 Standard Acoustic Guitar - Vintage Sunburst,,Brand New,2999.00,USD,Motor City Guitar,https://reverb.com/item/99754807-gibson-j-45-standard-acoustic-guitar-vintage-sunburst
97842201,1974 Gibson Southern Jumbo Deluxe SJ-D Natural w case,Gibson,Gibson Southern Jumbo Deluxe SJN / Country Western 1970 - 1977,1974,Very Good,2600.00,USD,D-Town Guitars,https://reverb.com/item/97842201-1974-gibson-southern-jumbo-deluxe-sj-d-natural-w-case
96490358,Gibson J-45 Century 12-Fret Ebony w/case,Gibson,Gibson J-45 Century 12-Fret Ebony w/case,,Brand New,2399.00,USD,Tone Shop Guitars,https://reverb.com/item/96490358-gibson-j-45-century-12-fret-ebony-w-case
99675053,Gibson - J-45 Century - 12-Fret Acoustic Guitar - Vintage Sunburst - with  Hardshell Case - x6048 (OCRS4C12VS-6048),Gibson,Gibson - J-45 Century - 12-Fret Guitar - - w/ Hardshell Case - x6048,,Brand New,2399.00,USD,Manchester Music Mill,https://reverb.com/item/99675053-gibson-j-45-century-12-fret-acoustic-guitar-vintage-sunburst-with-hardshell-case-x6048-ocrs4c12vs-6048
96490326,Gibson J-45 Century 12-Fret Vintage Sunburst w/case,Gibson,Gibson J-45 Century 12-Fret Vintage Sunburst w/case,,Brand New,2399.00,USD,Tone Shop Guitars,https://reverb.com/item/96490326-gibson-j-45-century-12-fret-vintage-sunburst-w-case
99408667,Gibson - J-45 Century - 12-Fret Acoustic Guitar - Vintage Amber - w/ Hardshell Case - x6085,Gibson,Gibson - J-45 Century - 12-Fret Guitar - - w/ Hardshell Case - x6085,,Brand New,2399.00,USD,Manchester Music Mill,https://reverb.com/item/99408667-gibson-j-45-century-12-fret-acoustic-guitar-vintage-amber-w-hardshell-case-x6085
91512773,"Gibson 1919 Harp Guitar ""U"" Style Acoustic Instrument Pre-Owned",Gibson,"Gibson 1919 Harp Guitar ""U"" Style Acoustic Instrument Pre-Owned",,Very Good,8714.70,USD,The Rock Inn,https://reverb.com/item/91512773-gibson-1919-harp-guitar-u-style-acoustic-instrument-pre-owned
92173645,Gibson Hummingbird Original Heritage Cherry Sunburst Acoustic-Electric Guitar,Gibson,Gibson Hummingbird Original Heritage Cherry Sunburst Acoustic-Electric Guitar,,Brand New,6335.29,USD,The Rock Inn,https://reverb.com/item/92173645-gibson-hummingbird-original-heritage-cherry-sunburst-acoustic-electric-guitar
70879263,Gibson Hummingbird Original Antique Natural,Gibson,Gibson Hummingbird Original Antique Natural,,Brand New,3832.42,USD,Sam Music GmbH,https://reverb.com/item/70879263-gibson-hummingbird-original-antique-natural
70879259,Gibson G-200 EC Natural,Gibson,Gibson G-200 EC Natural,,Brand New,1911.16,USD,Sam Music GmbH,https://reverb.com/item/70879259-gibson-g-200-ec-natural
14383374,Gibson J185 Acoustic Electric 2007 Mini Jumbo,Gibson,GIBSON J185 MINI JUMBO Acoustic Electric,,Excellent,4819.20,USD,Carlingford Music Centre,https://reverb.com/item/14383374-gibson-j185-acoustic-electric-2007-mini-jumbo
94786459,Gibson Hummingbird Original - Heritage Cherryburst,Gibson,Gibson Hummingbird Original - Heritage Cherryburst,,Brand New,4042.20,USD,Music City Canada,https://reverb.com/item/94786459-gibson-hummingbird-original-heritage-cherryburst
84875603,Gibson 1942 Banner J-45 - Vintage Sunburst Light Aged,Gibson,Gibson 1942 Banner J-45 - Vintage Sunburst Light Aged,,Brand New,6499.00,USD,Dave's Guitar Shop,https://reverb.com/item/84875603-gibson-1942-banner-j-45-vintage-sunburst-light-aged
85370185,Used Gibson SJ-200 Standard Rosewood Acoustic Electric - Rosewood Burst,Gibson,Gibson SJ-200 Standard Rosewood,,Mint,4799.00,USD,Cream City Music,https://reverb.com/item/85370185-used-gibson-sj-200-standard-rosewood-acoustic-electric-rosewood-burst
85368841,Gibson Hummingbird Standard Vintage Cherry Sunburst (076),Gibson,Gibson Hummingbird Standard Vintage Cherry Sunburst (076),,Brand New,3999.00,USD,Willcutt Guitars,https://reverb.com/item/85368841-gibson-hummingbird-standard-vintage-cherry-sunburst-076
85945436,CHITARRA ACUSTICA GIBSON Generation Collection G-45,Gibson,GIBSON,,Brand New,1543.77,USD,Firefly Audio,https://reverb.com/item/85945436-chitarra-acustica-gibson-generation-collection-g-45
57216339,Gibson G-45 Generation Collection Acoustic Guitar - Natural,Gibson,Gibson G-45 Generation Collection Guitar -,,Brand New,1199.00,USD,Motor City Guitar,https://reverb.com/item/57216339-gibson-g-45-generation-collection-acoustic-guitar-natural
98772314,Gibson L-00 Original - Vintage Sunburst - 2nd Hand (166981),Gibson,Gibson L-00 Original - Vintage Sunburst - 2nd Hand (166981),,Very Good,2787.47,USD,Rich Tone Music,https://reverb.com/item/98772314-gibson-l-00-original-vintage-sunburst-2nd-hand-166981
78410231,Gibson 1934 Jumbo - Vintage Sunburst,Gibson,Gibson 1934 Jumbo - Vintage Sunburst,,Brand New,4999.00,USD,Dave's Guitar Shop,https://reverb.com/item/78410231-gibson-1934-jumbo-vintage-sunburst
85369189,Gibson Southern Jumbo Original Vintage Sunburst (024),Gibson,Gibson Southern Jumbo Original Vintage Sunburst (024),,Brand New,3499.00,USD,Willcutt Guitars,https://reverb.com/item/85369189-gibson-southern-jumbo-original-vintage-sunburst-024
83918779,Gibson Custom Murphy Lab 1933 L00 Light Aged 21054056,Gibson,Gibson Custom Murphy Lab 1933 L00 Light Aged,1933,Brand New,4693.90,USD,Coda Music,https://reverb.com/item/83918779-gibson-custom-murphy-lab-1933-l00-light-aged-21054056
78868685,Gibson Hummingbird Original - Antique Natural,Gibson,Gibson Hummingbird Original - Antique Natural,,Brand New,3999.00,USD,Dave's Guitar Shop,https://reverb.com/item/78868685-gibson-hummingbird-original-antique-natural
96519409,Gibson - Dove Original - Acoustic-Electric Guitar - Antique Natural - with  Hardshell Case - x6103 (OCSSDOAN-6103),Gibson,Gibson - Dove Original - -Electric Guitar - - w/ Hardshell Case - x6103,,Brand New,4999.00,USD,Manchester Music Mill,https://reverb.com/item/96519409-gibson-dove-original-acoustic-electric-guitar-antique-natural-with-hardshell-case-x6103-ocssdoan-6103
99339669,Gibson Dove Original - Vintage Cherry Sunburst,Gibson,Gibson Dove Original - Vintage Cherry Sunburst,,Brand New,4999.00,USD,Music Villa,https://reverb.com/item/99339669-gibson-dove-original-vintage-cherry-sunburst
99599005,Gibson Limited Edition 100th Anniversary Dove in Cremona Burst,Gibson,Gibson Dove,2026,Brand New,5999.00,USD,Casino Guitars,https://reverb.com/item/99599005-gibson-limited-edition-100th-anniversary-dove-in-cremona-burst
99406253,Gibson SJ-200 Original Vintage Sunburst (037),Gibson,Gibson SJ-200 Original Vintage Sunburst (037),,Brand New,5699.00,USD,Willcutt Guitars,https://reverb.com/item/99406253-gibson-sj-200-original-vintage-sunburst-037
93514495,Gibson Custom Shop 1942 Banner Southern Jumbo Murphy Lab Light Aged Vintage Sunburst (047),Gibson,Gibson Custom Shop 1942 Banner Southern Jumbo Murphy Lab Light Aged Vintage Sunburst (047),,Brand New,6799.00,USD,Willcutt Guitars,https://reverb.com/item/93514495-gibson-custom-shop-1942-banner-southern-jumbo-murphy-lab-light-aged-vintage-sunburst-047
78410379,Gibson 1936 J-35 - Vintage Sunburst,Gibson,Gibson 1936 J-35 - Vintage Sunburst,,Brand New,4999.00,USD,Dave's Guitar Shop,https://reverb.com/item/78410379-gibson-1936-j-35-vintage-sunburst
98898926,1935 Gibson L4 w/ Fancy Inlays - 4.78 LBS,Gibson,Gibson L4 (Burst),1932 ,Very Good,3999.00,USD,The Guitar Rescue ,https://reverb.com/item/98898926-1935-gibson-l4-w-fancy-inlays-4-78-lbs
99598961,Gibson Limited Edition 100th Anniversary Advanced Dreadnought in Cremona Burst,Gibson,Gibson Advanced Jumbo,2026,Brand New,5999.00,USD,Casino Guitars,https://reverb.com/item/99598961-gibson-limited-edition-100th-anniversary-advanced-dreadnought-in-cremona-burst
96489751,Gibson J-185 Century 12-Fret Vintage Sunburst w/case,Gibson,Gibson J-185 Century 12-Fret Vintage Sunburst w/case,,Brand New,2499.00,USD,Tone Shop Guitars,https://reverb.com/item/96489751-gibson-j-185-century-12-fret-vintage-sunburst-w-case
96493835,Gibson - J-185 Century 12-Fret - Acoustic Guitar - Vintage Sunburst - with  Century Series Tweed Case (OCJB8512VS),Gibson,Gibson - J-185 Century 12-Fret - Guitar - - w/ Century Series Tweed Case,,Brand New,2499.00,USD,Manchester Music Mill,https://reverb.com/item/96493835-gibson-j-185-century-12-fret-acoustic-guitar-vintage-sunburst-with-century-series-tweed-case-ocjb8512vs
97267070,Gibson J-185 Century 12-Fret Vintage Amber w/case,Gibson,Gibson J-185 Century 12-Fret Vintage Amber w/case,,Brand New,2499.00,USD,Tone Shop Guitars,https://reverb.com/item/97267070-gibson-j-185-century-12-fret-vintage-amber-w-case
100146682,Gibson - L-00 Century - 12-Fret Acoustic Guitar - Vintage Sunburst - w/ Hardshell Case,Gibson,Gibson - L-00 Century - 12-Fret Guitar - - w/ Hardshell Case,,Brand New,2299.00,USD,Manchester Music Mill,https://reverb.com/item/100146682-gibson-l-00-century-12-fret-acoustic-guitar-vintage-sunburst-w-hardshell-case
87178039,Gibson Hummingbird Standard Rosewood EC Rosewood Burst (086),Gibson,Gibson Hummingbird Standard Rosewood EC Rosewood Burst (086),,Brand New,4599.00,USD,Willcutt Guitars,https://reverb.com/item/87178039-gibson-hummingbird-standard-rosewood-ec-rosewood-burst-086
78220037,Gibson 1933 L-00 - Ebony Light Aged,Gibson,Gibson 1933 L-00 - Ebony Light Aged,,Brand New,5499.00,USD,Dave's Guitar Shop,https://reverb.com/item/78220037-gibson-1933-l-00-ebony-light-aged
94925973,*Video* 1976 Gibson Hummingbird Jumbo Acoustic Wine Red Norlin Era w/OHSC & Hang Tags,Gibson,Gibson Hummingbird,1976,Very Good,3899.00,USD,Northwest Vintage Guitars,https://reverb.com/item/94925973-video-1976-gibson-hummingbird-jumbo-acoustic-wine-red-norlin-era-w-ohsc-hang-tags
96282843,Gibson LGO With Case 1960's,Gibson,Gibson LGO,,Fair,1499.00,USD,Third Rock Music Center,https://reverb.com/item/96282843-gibson-lgo-with-case-1960-s
99053898,Gibson - 2005 J-190 EC Fusion Electric Acoustic Guitar Antique Natural w/OHSC and Top Crack AS-IS - USED,Gibson,Gibson - J-190 EC Fusion Electric Guitar w/OHSC and Top Crack AS-IS - USED,2005,Very Good,2499.99,USD,Manchester Music Mill,https://reverb.com/item/99053898-gibson-2005-j-190-ec-fusion-electric-acoustic-guitar-antique-natural-w-ohsc-and-top-crack-as-is-used
94061330,Gibson J-45 Special Satin Vintage Sunburst Acoustic-Electric Guitar,Gibson,Gibson J-45 Special Satin Vintage Sunburst Acoustic-Electric Guitar,,Brand New,3167.64,USD,The Rock Inn,https://reverb.com/item/94061330-gibson-j-45-special-satin-vintage-sunburst-acoustic-electric-guitar
96546876,Gibson Hummingbird Special Acoustic Electric Guitar - Satin Vintage Cherry Burst - 23255100,Gibson,Gibson Hummingbird Special Acoustic Electric Guitar - Satin Vintage Cherry Burst - 23255100,,Brand New,2812.01,USD,DW Music ,https://reverb.com/item/96546876-gibson-hummingbird-special-acoustic-electric-guitar-satin-vintage-cherry-burst-23255100
94786458,Gibson Hummingbird Faded Acoustic Guitar - Natural,Gibson,Gibson Hummingbird Faded Acoustic Guitar - Natural,,Brand New,3518.12,USD,Music City Canada,https://reverb.com/item/94786458-gibson-hummingbird-faded-acoustic-guitar-natural
94786559,Gibson J-45 Special Acoustic-Electric Guitar with Softshell Case (Satin Wine Red),Gibson,Gibson J-45 Special Acoustic-Electric Guitar with Softshell Case (Satin Wine Red),,Brand New,2020.73,USD,Music City Canada,https://reverb.com/item/94786559-gibson-j-45-special-acoustic-electric-guitar-with-softshell-case-satin-wine-red
85888594,Gibson Hummingbird Standard Rosewood EC Rosewood Burst  w/case,Gibson,Gibson Hummingbird Standard Rosewood EC Rosewood Burst  w/case,,Brand New,4599.00,USD,Tone Shop Guitars,https://reverb.com/item/85888594-gibson-hummingbird-standard-rosewood-ec-rosewood-burst-w-case
62359040,Gibson Hummingbird Faded 50s Acoustic-Electric Guitar - Natural,Gibson,Gibson Faded 50s -Electric Guitar - Natural,,Brand New,3499.00,USD,Motor City Guitar,https://reverb.com/item/62359040-gibson-hummingbird-faded-50s-acoustic-electric-guitar-natural
95596461,Gibson J-45 Special Satin Ebony w/Softcase,Gibson,Gibson J-45 Special Satin Ebony w/Softcase,,Brand New,1999.00,USD,Tone Shop Guitars,https://reverb.com/item/95596461-gibson-j-45-special-satin-ebony-w-softcase
87637989,Gibson J-45 Special Satin Vintage Sunburst w/softcase,Gibson,Gibson J-45 Special Satin Vintage Sunburst w/softcase,,Brand New,1999.00,USD,Tone Shop Guitars,https://reverb.com/item/87637989-gibson-j-45-special-satin-vintage-sunburst-w-softcase
95596465,Gibson J-45 Special Satin Ebony w/Softcase,Gibson,Gibson J-45 Special Satin Ebony w/Softcase,,Brand New,1999.00,USD,Tone Shop Guitars,https://reverb.com/item/95596465-gibson-j-45-special-satin-ebony-w-softcase
100148567,Gibson LG-2 All Mahogany Faded Vintage Sunburst (010),Gibson,Gibson LG-2 All Mahogany Faded Vintage Sunburst (010),,Brand New,2399.00,USD,Willcutt Guitars,https://reverb.com/item/100148567-gibson-lg-2-all-mahogany-faded-vintage-sunburst-010
99581086,Gibson Songwriter Recording Artist EC Acoustic-Electric Antique Natural,Gibson,Gibson Songwriter Recording Artist EC -Electric,,Brand New,4999.00,USD,The Music Zoo,https://reverb.com/item/99581086-gibson-songwriter-recording-artist-ec-acoustic-electric-antique-natural
95596469,Gibson L-00 Special Satin Ebony w/Softcase,Gibson,Gibson L-00 Special Satin Ebony w/Softcase,,Brand New,1999.00,USD,Tone Shop Guitars,https://reverb.com/item/95596469-gibson-l-00-special-satin-ebony-w-softcase
96515536,Gibson L-00 Special - Satin Vintage Sunburst,Gibson,Gibson L-00 Special - Satin Vintage Sunburst,,Brand New,1999.00,USD,Music Villa,https://reverb.com/item/96515536-gibson-l-00-special-satin-vintage-sunburst
97630650,Gibson Hummingbird Special Satin Honey Burst (056),Gibson,Gibson Hummingbird Special Satin Honey Burst (056),,Brand New,2199.00,USD,Willcutt Guitars,https://reverb.com/item/97630650-gibson-hummingbird-special-satin-honey-burst-056
99377697,Gibson - L-00 Special - Acoustic-Electric Guitar - Satin Wine Red - with  Premium Softshell Case (MCSBL0SPCWR),Gibson,Gibson - L-00 Special - -Electric Guitar - - w/ Premium Softshell Case,,Brand New,1999.00,USD,Manchester Music Mill,https://reverb.com/item/99377697-gibson-l-00-special-acoustic-electric-guitar-satin-wine-red-with-premium-softshell-case-mcsbl0spcwr
96561187,Gibson Hummingbird Special Acoustic Electric Guitar - Satin Natural,Gibson,Gibson Hummingbird Special Guitar -,,Brand New,2199.00,USD,Musiciansbuy,https://reverb.com/item/96561187-gibson-hummingbird-special-acoustic-electric-guitar-satin-natural
81942033,Gibson 1942 Banner LG-2 in Vintage Sunburst #20214058,Gibson,Gibson Banner LG-2 in #20214058,,Brand New,4693.90,USD,Wildwire Guitars,https://reverb.com/item/81942033-gibson-1942-banner-lg-2-in-vintage-sunburst-20214058
70645227,Gibson J-45 Faded 50s - Vintage Sunburst,Gibson,Gibson J-45 Faded 50s -,,Brand New,2507.38,USD,Oxbow Audio Lab,https://reverb.com/item/70645227-gibson-j-45-faded-50s-vintage-sunburst
89363483,Gibson Elvis SJ-200 Ebony (013),Gibson,Gibson Elvis SJ-200 Ebony (013),,Brand New,5499.00,USD,Willcutt Guitars,https://reverb.com/item/89363483-gibson-elvis-sj-200-ebony-013
61716141,Gibson - J-45 50's Faded - Acoustic-Electric Guitar - Faded Vintage Sunburst - with  Hardshell Case (OCRS4FVS-1),Gibson,Gibson - J-45 50's Faded - Acoustic,,Brand New,2499.00,USD,Manchester Music Mill,https://reverb.com/item/61716141-gibson-j-45-50-s-faded-acoustic-electric-guitar-faded-vintage-sunburst-with-hardshell-case-ocrs4fvs-1
90811570,Gibson L-50 (30-40s) F-Hole Sunburst - Fair,Gibson,Gibson L-50 (30-40s) F-Hole Sunburst - Fair,,Fair,2994.03,USD,The Guitar Boutique,https://reverb.com/item/90811570-gibson-l-50-30-40s-f-hole-sunburst-fair
93518487,GIBSON - L-00 ROSEWOOD 12-FRET ROSEWOOD BURST,Gibson,GIBSON - L-00 ROSEWOOD 12-FRET ROSEWOOD BURST,,Brand New,4131.39,USD,Hurricane Music,https://reverb.com/item/93518487-gibson-l-00-rosewood-12-fret-rosewood-burst
94764834,GIBSON - 1942 BANNER SOUTHERN JUMBO VINTAGE SUNBURST,Gibson,GIBSON - BANNER SOUTHERN JUMBO VINTAGE SUNBURST,,Brand New,5382.84,USD,Hurricane Music,https://reverb.com/item/94764834-gibson-1942-banner-southern-jumbo-vintage-sunburst
96463094,Gibson Gibson Super 400 Johnny Smith Style 1976 Tobacco Burst,Gibson,Gibson Super 400 Johnny Smith Style 1976 Tobacco Burst,,Very Good,11500.00,USD,Miami Vintage Guitars Inc,https://reverb.com/item/96463094-gibson-gibson-super-400-johnny-smith-style-1976-tobacco-burst
83754324,Gibson SJ-200 Western Classic in Vintage Sunburst #20664003,Gibson,Gibson SJ-200 Western Classic in #20664003,,Brand New,7041.44,USD,Wildwire Guitars,https://reverb.com/item/83754324-gibson-sj-200-western-classic-in-vintage-sunburst-20664003
94786481,Gibson L-00 Standard - Vintage Sunburst,Gibson,Gibson L-00 Standard - Vintage Sunburst,,Brand New,2994.03,USD,Music City Canada,https://reverb.com/item/94786481-gibson-l-00-standard-vintage-sunburst
98821835,Gibson SJ 200 Studio Rosewood Natural,Gibson,Gibson SJ 200 Studio Rosewood Natural,,Mint,3569.89,USD,Sam Ash Music Direct,https://reverb.com/item/98821835-gibson-sj-200-studio-rosewood-natural
75968600,Gibson SJ-200 Studio Rosewood Satin Rosewood Burst (020),Gibson,Gibson SJ-200 Studio Rosewood Satin Rosewood Burst (020),,Brand New,4199.00,USD,Willcutt Guitars,https://reverb.com/item/75968600-gibson-sj-200-studio-rosewood-satin-rosewood-burst-020
83511762,Gibson Custom Shop Hummingbird Custom Koa Antique Natural (075),Gibson,Gibson Custom Shop Hummingbird Custom Koa Antique Natural (075),,Brand New,8999.00,USD,Willcutt Guitars,https://reverb.com/item/83511762-gibson-custom-shop-hummingbird-custom-koa-antique-natural-075
98101673,Gibson SJ-200 Studio Walnut Acoustic-Electric Natural 2025,Gibson,Gibson SJ-200 Studio Walnut -Electric,2025,Good,2419.00,USD,The Music Zoo,https://reverb.com/item/98101673-gibson-sj-200-studio-walnut-acoustic-electric-natural-2025
98821932,Gibson '60s J-45 Original Wine Red,Gibson,Gibson '60s J-45 Original Wine Red,,Mint,2549.89,USD,Sam Ash Music Direct,https://reverb.com/item/98821932-gibson-60s-j-45-original-wine-red
82907458,Gibson Hummingbird Original Left-Handed Heritage Cherry Sunburst,Gibson,Gibson Hummingbird Original Left-Handed,,Brand New,3999.00,USD,The Music Zoo,https://reverb.com/item/82907458-gibson-hummingbird-original-left-handed-heritage-cherry-sunburst
71172400,Gibson Hummingbird Standard Vintage Sunburst w/case,Gibson,Gibson Standard Sunburst w/case,,Brand New,3999.00,USD,Tone Shop Guitars,https://reverb.com/item/71172400-gibson-hummingbird-standard-vintage-sunburst-w-case
99339674,Gibson Hummingbird Standard - Vintage Sunburst,Gibson,Gibson Hummingbird Standard - Vintage Sunburst,,Brand New,3999.00,USD,Music Villa,https://reverb.com/item/99339674-gibson-hummingbird-standard-vintage-sunburst
86301722,Gibson Hummingbird Standard - Vintage Sunburst,Gibson,Gibson Hummingbird Standard - Vintage Sunburst,,Brand New,3999.00,USD,Dave's Guitar Shop,https://reverb.com/item/86301722-gibson-hummingbird-standard-vintage-sunburst
78737681,Gibson Hummingbird Standard Vintage Sunburst w/case,Gibson,Gibson Standard Sunburst w/case,,Brand New,3999.00,USD,Tone Shop Guitars,https://reverb.com/item/78737681-gibson-hummingbird-standard-vintage-sunburst-w-case
86326519,Gibson Hummingbird Standard - Vintage Sunburst,Gibson,Gibson Hummingbird Standard - Vintage Sunburst,,Brand New,3999.00,USD,Dave's Guitar Shop,https://reverb.com/item/86326519-gibson-hummingbird-standard-vintage-sunburst
78350966,Gibson J-45 Standard 12-String - Vintage Sunburst,Gibson,Gibson J-45 Standard 12-String - Vintage Sunburst,,Brand New,3499.00,USD,Dave's Guitar Shop,https://reverb.com/item/78350966-gibson-j-45-standard-12-string-vintage-sunburst
78408863,Gibson J-45 Standard 12-String,Gibson,Gibson J-45 Standard 12-String,,Brand New,3499.00,USD,Dave's Guitar Shop,https://reverb.com/item/78408863-gibson-j-45-standard-12-string
100148577,Gibson Custom Shop 1942 Banner J-45 Vintage Sunburst (011),Gibson,Gibson Custom Shop 1942 Banner J-45 Vintage Sunburst (011),,Brand New,4999.00,USD,Willcutt Guitars,https://reverb.com/item/100148577-gibson-custom-shop-1942-banner-j-45-vintage-sunburst-011
83543425,Gibson Custom Shop 1942 Banner J-45 Vintage Sunburst 4.00 LBS,Gibson,Gibson Custom Shop 1942 Banner J-45 Vintage Sunburst 4.00 LBS,2022,Brand New,4999.00,USD,Wild West Guitars,https://reverb.com/item/83543425-gibson-custom-shop-1942-banner-j-45-vintage-sunburst-4-00-lbs
100148572,Gibson Custom Shop 1942 Banner J-45 Vintage Sunburst (044),Gibson,Gibson Custom Shop 1942 Banner J-45 Vintage Sunburst (044),,Brand New,4999.00,USD,Willcutt Guitars,https://reverb.com/item/100148572-gibson-custom-shop-1942-banner-j-45-vintage-sunburst-044
83543778,Gibson Custom Shop 1942 Banner J-45 Vintage Sunburst 3.80LBS,Gibson,Gibson Custom Shop 1942 Banner J-45 Vintage Sunburst 3.80 LBS,2023,Brand New,4999.00,USD,Wild West Guitars,https://reverb.com/item/83543778-gibson-custom-shop-1942-banner-j-45-vintage-sunburst-3-80lbs
85369181,Gibson Everly Brothers J-180 Ebony (104),Gibson,Gibson Everly Brothers J-180 Ebony (104),,Brand New,4999.00,USD,Willcutt Guitars,https://reverb.com/item/85369181-gibson-everly-brothers-j-180-ebony-104
100143612,Gibson 1929 Nick Lucas Special Acoustic Guitar Argentine Grey Light Aged,Gibson,Gibson Nick Lucas Special Guitar Light Aged,,Brand New,9999.00,USD,The Music Zoo,https://reverb.com/item/100143612-gibson-1929-nick-lucas-special-acoustic-guitar-argentine-grey-light-aged
88622385,Gibson SJ-200 Standard Maple Tri Burst w/case,Gibson,Gibson SJ-200 Standard Maple Tri Burst w/case,,Brand New,5699.00,USD,Tone Shop Guitars,https://reverb.com/item/88622385-gibson-sj-200-standard-maple-tri-burst-w-case
100148566,Gibson 50s J-45 Original Vintage Sunburst (011),Gibson,Gibson 50s J-45 Original Vintage Sunburst (011),,Brand New,3199.00,USD,Willcutt Guitars,https://reverb.com/item/100148566-gibson-50s-j-45-original-vintage-sunburst-011
37522784,Gibson '50s J-45 Original Vintage Ebony,Gibson,Gibson '50s J-45 Original,,Brand New,3199.00,USD,Detroit Guitar,https://reverb.com/item/37522784-gibson-50s-j-45-original-vintage-ebony
99554711,Gibson J-45 Standard - Vintage Sunburst,Gibson,Gibson J-45 Standard - Vintage Sunburst,,Brand New,2999.00,USD,Music Villa,https://reverb.com/item/99554711-gibson-j-45-standard-vintage-sunburst
94599009,Gibson LG-2 50s Original in Vintage Sunburst #23085003,Gibson,Gibson LG-2 50s Original in #23085003,,Brand New,3168.01,USD,Wildwire Guitars,https://reverb.com/item/94599009-gibson-lg-2-50s-original-in-vintage-sunburst-23085003
92894112,"Gibson L-5 1948 Electro Archtop Guitar, Sunburst, Original Hard Case",Gibson,Gibson L-5,1948,Very Good,16900.86,USD,Absolute Music UK,https://reverb.com/item/92894112-gibson-l-5-1948-electro-archtop-guitar-sunburst-original-hard-case
78319506,Gibson SJ-200 Original in Vintage Sunburst #23203057,Gibson,Gibson SJ-200 Original in #23203057,,Brand New,5867.67,USD,Wildwire Guitars,https://reverb.com/item/78319506-gibson-sj-200-original-in-vintage-sunburst-23203057
73468393,Gibson Southern Jumbo Original in Vintage Sunburst #22013030,Gibson,Gibson Southern Jumbo Original in #22013030,,Brand New,3520.14,USD,Wildwire Guitars,https://reverb.com/item/73468393-gibson-southern-jumbo-original-in-vintage-sunburst-22013030
96237823,Gibson Vintage 1968 Blue Ridge Dreadnought Acoustic Guitar w/ Hard Case,Gibson,Gibson Blue Ridge Dreadnaught Guitar w/ Hard Case,1968,Very Good,2108.99,USD,DeMont Guitars,https://reverb.com/item/96237823-gibson-vintage-1968-blue-ridge-dreadnought-acoustic-guitar-w-hard-case
85945455,CHITARRA ACUSTICA GIBSON SJ-200 Original  Antique Natural,Gibson,GIBSON,,Brand New,5921.45,USD,Firefly Audio,https://reverb.com/item/85945455-chitarra-acustica-gibson-sj-200-original-antique-natural
85945440,CHITARRA ACUSTICA GIBSON Orianthi SJ-200,Gibson,GIBSON,,Brand New,7209.00,USD,Firefly Audio,https://reverb.com/item/85945440-chitarra-acustica-gibson-orianthi-sj-200
82739197,Gibson 1957 SJ-200 - Vintage Sunburst,Gibson,Gibson 1957 SJ-200 - Vintage Sunburst,,Brand New,6299.00,USD,Dave's Guitar Shop,https://reverb.com/item/82739197-gibson-1957-sj-200-vintage-sunburst
85842410,Gibson 1957 SJ-200 - Antique Natural,Gibson,Gibson 1957 SJ-200 - Antique Natural,,Brand New,6299.00,USD,Dave's Guitar Shop,https://reverb.com/item/85842410-gibson-1957-sj-200-antique-natural
96560082,Gibson Pre-War SJ-200 Rosewood VOS in Vintage Sunburst,Gibson,Gibson,2026,Brand New,7499.00,USD,Casino Guitars,https://reverb.com/item/96560082-gibson-pre-war-sj-200-rosewood-vos-in-vintage-sunburst
91941239,Gibson Pre-War SJ-200 -  Rosewood,Gibson,Gibson Pre-War SJ-200 -  Rosewood,,Brand New,7499.00,USD,Music Villa,https://reverb.com/item/91941239-gibson-pre-war-sj-200-rosewood
85645729,Gibson 1939 J-55 in Faded Vintage Sunburst #21474003,Gibson,Gibson J-55 in Faded #21474003,,Brand New,5046.03,USD,Wildwire Guitars,https://reverb.com/item/85645729-gibson-1939-j-55-in-faded-vintage-sunburst-21474003
99408604,Gibson L-00 Century 12-Fret - Vintage Amber,Gibson,Gibson L-00 Century 12-Fret -,,Brand New,2299.00,USD,Cream City Music,https://reverb.com/item/99408604-gibson-l-00-century-12-fret-vintage-amber
92368792,"Gibson Custom Shop Pre-War SJ-200 Rosewood, Murphy Lab Light Aged - Faded Vintage Sunburst 22295003",Gibson,"Gibson Custom Pre-War SJ-200 Rosewood, Light Aged",,Brand New,7799.00,USD,The Guitar Store at Quimper Sound Records,https://reverb.com/item/92368792-gibson-custom-shop-pre-war-sj-200-rosewood-murphy-lab-light-aged-faded-vintage-sunburst-22295003
88733261,Gibson Acoustic Custom Shop 1936 Advanced Jumbo Vintage Sunburst 4.40 LBS,Gibson,Gibson Acoustic Custom Shop 1936 Advanced Jumbo Vintage Sunburst 4.40 LBS,2025,Brand New,5499.00,USD,Wild West Guitars,https://reverb.com/item/88733261-gibson-acoustic-custom-shop-1936-advanced-jumbo-vintage-sunburst-4-40-lbs
84636198,Gibson 1936 Advanced Jumbo - Vintage Sunburst,Gibson,Gibson 1936 Advanced Jumbo - Vintage Sunburst,,Brand New,5499.00,USD,Dave's Guitar Shop,https://reverb.com/item/84636198-gibson-1936-advanced-jumbo-vintage-sunburst
99618601,"Gibson SJ-200 Original, Vintage Sunburst, W/ Hardshell Case",Gibson,"Gibson SJ-200 Original, , W/ Hardshell Case",,Brand New,5699.00,USD,Gelb Music's Reverb Store,https://reverb.com/item/99618601-gibson-sj-200-original-vintage-sunburst-w-hardshell-case
80100430,Gibson SJ-200 Original Vintage Sunburst w/case,Gibson,Gibson SJ-200 Original w/case,,Brand New,5699.00,USD,Tone Shop Guitars,https://reverb.com/item/80100430-gibson-sj-200-original-vintage-sunburst-w-case
97222155,Gibson SJ-200 60’s Original - Vintage Sunburst,Gibson,Gibson SJ-200 60’s Original - Vintage Sunburst,,Brand New,5699.00,USD,Music Villa,https://reverb.com/item/97222155-gibson-sj-200-60-s-original-vintage-sunburst
78737684,Gibson SJ-200 Original Vintage Sunburst w/case,Gibson,Gibson SJ-200 Original w/case,,Brand New,5699.00,USD,Tone Shop Guitars,https://reverb.com/item/78737684-gibson-sj-200-original-vintage-sunburst-w-case
100148570,Gibson J-160E Original Vintage Sunburst (012),Gibson,Gibson J-160E Original Vintage Sunburst (012),,Brand New,3999.00,USD,Willcutt Guitars,https://reverb.com/item/100148570-gibson-j-160e-original-vintage-sunburst-012
96688508,Gibson LG-2 50’s Original - Antique Natural,Gibson,Gibson LG-2 50’s Original - Antique Natural,,Brand New,2999.00,USD,Music Villa,https://reverb.com/item/96688508-gibson-lg-2-50-s-original-antique-natural
93517343,Gibson J-185 Original - Vintage Sunburst,Gibson,Gibson J-185 Original - Vintage Sunburst,,Brand New,3999.00,USD,Music Villa,https://reverb.com/item/93517343-gibson-j-185-original-vintage-sunburst
99294227,"Gibson Hummingbird Original Acoustic/ Electric Guitar, Heritage Cherry Sunburst W/Case",Gibson,"Gibson Hummingbird Original Acoustic/ Electric Guitar, W/Case",,Brand New,3999.00,USD,Gelb Music's Reverb Store,https://reverb.com/item/99294227-gibson-hummingbird-original-acoustic-electric-guitar-heritage-cherry-sunburst-w-case
90049355,Gibson Original Acoustic Hummingbird Original Electric-Acoustic LR Baggs VTC Pickup Antique Natural 4.40 lbs,Gibson,Gibson Original Acoustic Hummingbird Original Electric-Acoustic LR Baggs VTC Pickup Antique Natural 4.40 lbs,2025,Brand New,3999.00,USD,Wild West Guitars,https://reverb.com/item/90049355-gibson-original-acoustic-hummingbird-original-electric-acoustic-lr-baggs-vtc-pickup-antique-natural-4-40-lbs
91268751,Gibson J-185 Original Vintage Sunburst w/case,Gibson,Gibson J-185 Original w/case,,Brand New,3999.00,USD,Tone Shop Guitars,https://reverb.com/item/91268751-gibson-j-185-original-vintage-sunburst-w-case
98821856,Gibson J 185 Original Acoustic Electric Guitar Vintage Sunburst,Gibson,Gibson J 185 Original Acoustic Electric Guitar Vintage Sunburst,,Mint,3399.89,USD,Sam Ash Music Direct,https://reverb.com/item/98821856-gibson-j-185-original-acoustic-electric-guitar-vintage-sunburst
100148568,Gibson Custom Shop 1960 Hummingbird Fixed Bridge Heritage Cherry (011),Gibson,Gibson Custom Shop 1960 Hummingbird Fixed Bridge Heritage Cherry (011),,Brand New,5199.00,USD,Willcutt Guitars,https://reverb.com/item/100148568-gibson-custom-shop-1960-hummingbird-fixed-bridge-heritage-cherry-011
92484549,Gibson L-00 Original,Gibson,Gibson L-00 Original,,Brand New,2999.00,USD,Music Villa,https://reverb.com/item/92484549-gibson-l-00-original
90968056,Gibson 1960 Hummingbird Fixed Bridge Left Hand - Heritage Cherry Sunburst,Gibson,Gibson 1960 Hummingbird Fixed Bridge Left Hand - Heritage Cherry Sunburst,,Brand New,5199.00,USD,Dave's Guitar Shop,https://reverb.com/item/90968056-gibson-1960-hummingbird-fixed-bridge-left-hand-heritage-cherry-sunburst
93273997,Gibson L-00 Special Acoustic Electric Guitar - Satin Vintage Sunburst,Gibson,Gibson L00 Special Acoustic Electric Guitar - Satin Vintage Sunburst,,Brand New,2812.01,USD,DW Music ,https://reverb.com/item/93273997-gibson-l-00-special-acoustic-electric-guitar-satin-vintage-sunburst
91075463,Gibson SJ-200 Custom - Ebony,Gibson,Gibson SJ-200 Custom - Ebony,,Brand New,7499.00,USD,Dave's Guitar Shop,https://reverb.com/item/91075463-gibson-sj-200-custom-ebony
98822040,Gibson L-00 Special-Satin Natural,Gibson,Gibson L-00 Special-Satin Natural,,Mint,1699.89,USD,Sam Ash Music Direct,https://reverb.com/item/98822040-gibson-l-00-special-satin-natural
99406249,Gibson LG-2 All Mahogany Faded Natural (011),Gibson,Gibson LG-2 All Mahogany Faded Natural (011),,Brand New,2399.00,USD,Willcutt Guitars,https://reverb.com/item/99406249-gibson-lg-2-all-mahogany-faded-natural-011
96086081,Gibson Modern Collection L-00 Special,Gibson,Gibson Modern Collection L-00 Special,,Brand New,1999.00,USD,Wildwood Guitars,https://reverb.com/item/96086081-gibson-modern-collection-l-00-special
96550653,Gibson - L-00 Special - Acoustic-Electric Guitar - Satin Vintage Sunburst - with  Premium Softshell Case - x6061,Gibson,Gibson - L-00 Special - -Electric Guitar - - w/ Premium Softshell Case - x6061,,Brand New,1999.00,USD,Manchester Music Mill,https://reverb.com/item/96550653-gibson-l-00-special-acoustic-electric-guitar-satin-vintage-sunburst-with-premium-softshell-case-x6061
85888592,Gibson Hummingbird Standard EC Heritage Cherry Sunburst w/case,Gibson,Gibson Hummingbird Standard EC Heritage Cherry Sunburst w/case,,Brand New,3999.00,USD,Tone Shop Guitars,https://reverb.com/item/85888592-gibson-hummingbird-standard-ec-heritage-cherry-sunburst-w-case
95596437,Gibson J-45 Special Satin Natural w/Softcase,Gibson,Gibson J-45 Special Satin Natural w/Softcase,,Brand New,1999.00,USD,Tone Shop Guitars,https://reverb.com/item/95596437-gibson-j-45-special-satin-natural-w-softcase
99259351,Gibson J-45 Special Satin Wine Red w/softcase,Gibson,Gibson J-45 Special Satin Wine Red w/softcase,,Brand New,1999.00,USD,Tone Shop Guitars,https://reverb.com/item/99259351-gibson-j-45-special-satin-wine-red-w-softcase
96583502,Gibson J-45 Special Acoustic Guitar - Satin Natural,Gibson,Gibson J-45 Special Guitar -,,Brand New,1999.00,USD,Musiciansbuy,https://reverb.com/item/96583502-gibson-j-45-special-acoustic-guitar-satin-natural
98821930,Gibson Parlor Rosewood EC Rosewood Burst Acoustic Electric Guitar,Gibson,Gibson Parlor Rosewood EC Rosewood Burst Acoustic Electric Guitar,,Mint,2549.89,USD,Sam Ash Music Direct,https://reverb.com/item/98821930-gibson-parlor-rosewood-ec-rosewood-burst-acoustic-electric-guitar
81942033,Gibson 1942 Banner LG-2 in Vintage Sunburst #20214058,Gibson,Gibson Banner LG-2 in #20214058,,Brand New,4693.90,USD,Wildwire Guitars,https://reverb.com/item/81942033-gibson-1942-banner-lg-2-in-vintage-sunburst-20214058
70645227,Gibson J-45 Faded 50s - Vintage Sunburst,Gibson,Gibson J-45 Faded 50s -,,Brand New,2507.38,USD,Oxbow Audio Lab,https://reverb.com/item/70645227-gibson-j-45-faded-50s-vintage-sunburst
89363483,Gibson Elvis SJ-200 Ebony (013),Gibson,Gibson Elvis SJ-200 Ebony (013),,Brand New,5499.00,USD,Willcutt Guitars,https://reverb.com/item/89363483-gibson-elvis-sj-200-ebony-013
61716141,Gibson - J-45 50's Faded - Acoustic-Electric Guitar - Faded Vintage Sunburst - with  Hardshell Case (OCRS4FVS-1),Gibson,Gibson - J-45 50's Faded - Acoustic,,Brand New,2499.00,USD,Manchester Music Mill,https://reverb.com/item/61716141-gibson-j-45-50-s-faded-acoustic-electric-guitar-faded-vintage-sunburst-with-hardshell-case-ocrs4fvs-1
96113359,Gibson Elvis Dove Electro Acoustic Guitar with Hard Case,Gibson,Gibson Elvis Dove,,Very Good,4787.57,USD,Absolute Music UK,https://reverb.com/item/96113359-gibson-elvis-dove-electro-acoustic-guitar-with-hard-case
74739310,Gibson G-Bird Natural (013),Gibson,Gibson G-Bird Natural (013),,Brand New,1799.00,USD,Willcutt Guitars,https://reverb.com/item/74739310-gibson-g-bird-natural-013
85634415,Gibson Elvis SJ-200 - Ebony,Gibson,Gibson Elvis SJ-200 - Ebony,,Brand New,5499.00,USD,Dave's Guitar Shop,https://reverb.com/item/85634415-gibson-elvis-sj-200-ebony
93514485,Gibson Custom Shop Keb' Mo' 3.0 Vintage Sunburst (032),Gibson,Gibson Custom Shop Keb' Mo' 3.0 Vintage Sunburst (032),,Brand New,4299.00,USD,Willcutt Guitars,https://reverb.com/item/93514485-gibson-custom-shop-keb-mo-3-0-vintage-sunburst-032
97890957,Gibson J-45 50s Faded Round Shoulder Acoustic Electric Guitar W/Case,Gibson,Gibson J-45 50s Faded Round Shoulder Electric Guitar W/Case,,Brand New,2499.00,USD,Gelb Music's Reverb Store,https://reverb.com/item/97890957-gibson-j-45-50s-faded-round-shoulder-acoustic-electric-guitar-w-case
83511687,Gibson Miranda Lambert Bluebird Bluebonnet (079),Gibson,Gibson Miranda Lambert Bluebird Bluebonnet (079),,Brand New,4649.00,USD,Willcutt Guitars,https://reverb.com/item/83511687-gibson-miranda-lambert-bluebird-bluebonnet-079
90811570,Gibson L-50 (30-40s) F-Hole Sunburst - Fair,Gibson,Gibson L-50 (30-40s) F-Hole Sunburst - Fair,,Fair,2994.03,USD,The Guitar Boutique,https://reverb.com/item/90811570-gibson-l-50-30-40s-f-hole-sunburst-fair
98242738,2015 Gibson J 45 True Vintage Sunburst,Gibson,Gibson J 45 True Vintage Sunburst,,Very Good,4571.41,USD,Guitarox,https://reverb.com/item/98242738-2015-gibson-j-45-true-vintage-sunburst
93518487,GIBSON - L-00 ROSEWOOD 12-FRET ROSEWOOD BURST,Gibson,GIBSON - L-00 ROSEWOOD 12-FRET ROSEWOOD BURST,,Brand New,4131.39,USD,Hurricane Music,https://reverb.com/item/93518487-gibson-l-00-rosewood-12-fret-rosewood-burst
94764834,GIBSON - 1942 BANNER SOUTHERN JUMBO VINTAGE SUNBURST,Gibson,GIBSON - BANNER SOUTHERN JUMBO VINTAGE SUNBURST,,Brand New,5382.84,USD,Hurricane Music,https://reverb.com/item/94764834-gibson-1942-banner-southern-jumbo-vintage-sunburst
96463094,Gibson Gibson Super 400 Johnny Smith Style 1976 Tobacco Burst,Gibson,Gibson Super 400 Johnny Smith Style 1976 Tobacco Burst,,Very Good,11500.00,USD,Miami Vintage Guitars Inc,https://reverb.com/item/96463094-gibson-gibson-super-400-johnny-smith-style-1976-tobacco-burst
83754324,Gibson SJ-200 Western Classic in Vintage Sunburst #20664003,Gibson,Gibson SJ-200 Western Classic in #20664003,,Brand New,7041.44,USD,Wildwire Guitars,https://reverb.com/item/83754324-gibson-sj-200-western-classic-in-vintage-sunburst-20664003
94786481,Gibson L-00 Standard - Vintage Sunburst,Gibson,Gibson L-00 Standard - Vintage Sunburst,,Brand New,2994.03,USD,Music City Canada,https://reverb.com/item/94786481-gibson-l-00-standard-vintage-sunburst
98821835,Gibson SJ 200 Studio Rosewood Natural,Gibson,Gibson SJ 200 Studio Rosewood Natural,,Mint,3569.89,USD,Sam Ash Music Direct,https://reverb.com/item/98821835-gibson-sj-200-studio-rosewood-natural
75968600,Gibson SJ-200 Studio Rosewood Satin Rosewood Burst (020),Gibson,Gibson SJ-200 Studio Rosewood Satin Rosewood Burst (020),,Brand New,4199.00,USD,Willcutt Guitars,https://reverb.com/item/75968600-gibson-sj-200-studio-rosewood-satin-rosewood-burst-020
83511762,Gibson Custom Shop Hummingbird Custom Koa Antique Natural (075),Gibson,Gibson Custom Shop Hummingbird Custom Koa Antique Natural (075),,Brand New,8999.00,USD,Willcutt Guitars,https://reverb.com/item/83511762-gibson-custom-shop-hummingbird-custom-koa-antique-natural-075
98101673,Gibson SJ-200 Studio Walnut Acoustic-Electric Natural 2025,Gibson,Gibson SJ-200 Studio Walnut -Electric,2025,Good,2419.00,USD,The Music Zoo,https://reverb.com/item/98101673-gibson-sj-200-studio-walnut-acoustic-electric-natural-2025
98821932,Gibson '60s J-45 Original Wine Red,Gibson,Gibson '60s J-45 Original Wine Red,,Mint,2549.89,USD,Sam Ash Music Direct,https://reverb.com/item/98821932-gibson-60s-j-45-original-wine-red
82907458,Gibson Hummingbird Original Left-Handed Heritage Cherry Sunburst,Gibson,Gibson Hummingbird Original Left-Handed,,Brand New,3999.00,USD,The Music Zoo,https://reverb.com/item/82907458-gibson-hummingbird-original-left-handed-heritage-cherry-sunburst
85103452,Gibson Everly Brothers J-180 - Ebony,Gibson,Gibson Everly Brothers J-180 - Ebony,,Brand New,4999.00,USD,Dave's Guitar Shop,https://reverb.com/item/85103452-gibson-everly-brothers-j-180-ebony
71172400,Gibson Hummingbird Standard Vintage Sunburst w/case,Gibson,Gibson Standard Sunburst w/case,,Brand New,3999.00,USD,Tone Shop Guitars,https://reverb.com/item/71172400-gibson-hummingbird-standard-vintage-sunburst-w-case
99339674,Gibson Hummingbird Standard - Vintage Sunburst,Gibson,Gibson Hummingbird Standard - Vintage Sunburst,,Brand New,3999.00,USD,Music Villa,https://reverb.com/item/99339674-gibson-hummingbird-standard-vintage-sunburst
86301722,Gibson Hummingbird Standard - Vintage Sunburst,Gibson,Gibson Hummingbird Standard - Vintage Sunburst,,Brand New,3999.00,USD,Dave's Guitar Shop,https://reverb.com/item/86301722-gibson-hummingbird-standard-vintage-sunburst
78737681,Gibson Hummingbird Standard Vintage Sunburst w/case,Gibson,Gibson Standard Sunburst w/case,,Brand New,3999.00,USD,Tone Shop Guitars,https://reverb.com/item/78737681-gibson-hummingbird-standard-vintage-sunburst-w-case
86326519,Gibson Hummingbird Standard - Vintage Sunburst,Gibson,Gibson Hummingbird Standard - Vintage Sunburst,,Brand New,3999.00,USD,Dave's Guitar Shop,https://reverb.com/item/86326519-gibson-hummingbird-standard-vintage-sunburst
78350966,Gibson J-45 Standard 12-String - Vintage Sunburst,Gibson,Gibson J-45 Standard 12-String - Vintage Sunburst,,Brand New,3499.00,USD,Dave's Guitar Shop,https://reverb.com/item/78350966-gibson-j-45-standard-12-string-vintage-sunburst
78408863,Gibson J-45 Standard 12-String,Gibson,Gibson J-45 Standard 12-String,,Brand New,3499.00,USD,Dave's Guitar Shop,https://reverb.com/item/78408863-gibson-j-45-standard-12-string
100148577,Gibson Custom Shop 1942 Banner J-45 Vintage Sunburst (011),Gibson,Gibson Custom Shop 1942 Banner J-45 Vintage Sunburst (011),,Brand New,4999.00,USD,Willcutt Guitars,https://reverb.com/item/100148577-gibson-custom-shop-1942-banner-j-45-vintage-sunburst-011
83543425,Gibson Custom Shop 1942 Banner J-45 Vintage Sunburst 4.00 LBS,Gibson,Gibson Custom Shop 1942 Banner J-45 Vintage Sunburst 4.00 LBS,2022,Brand New,4999.00,USD,Wild West Guitars,https://reverb.com/item/83543425-gibson-custom-shop-1942-banner-j-45-vintage-sunburst-4-00-lbs
100148572,Gibson Custom Shop 1942 Banner J-45 Vintage Sunburst (044),Gibson,Gibson Custom Shop 1942 Banner J-45 Vintage Sunburst (044),,Brand New,4999.00,USD,Willcutt Guitars,https://reverb.com/item/100148572-gibson-custom-shop-1942-banner-j-45-vintage-sunburst-044
83543778,Gibson Custom Shop 1942 Banner J-45 Vintage Sunburst 3.80LBS,Gibson,Gibson Custom Shop 1942 Banner J-45 Vintage Sunburst 3.80 LBS,2023,Brand New,4999.00,USD,Wild West Guitars,https://reverb.com/item/83543778-gibson-custom-shop-1942-banner-j-45-vintage-sunburst-3-80lbs
85369181,Gibson Everly Brothers J-180 Ebony (104),Gibson,Gibson Everly Brothers J-180 Ebony (104),,Brand New,4999.00,USD,Willcutt Guitars,https://reverb.com/item/85369181-gibson-everly-brothers-j-180-ebony-104
100143612,Gibson 1929 Nick Lucas Special Acoustic Guitar Argentine Grey Light Aged,Gibson,Gibson Nick Lucas Special Guitar Light Aged,,Brand New,9999.00,USD,The Music Zoo,https://reverb.com/item/100143612-gibson-1929-nick-lucas-special-acoustic-guitar-argentine-grey-light-aged
88622385,Gibson SJ-200 Standard Maple Tri Burst w/case,Gibson,Gibson SJ-200 Standard Maple Tri Burst w/case,,Brand New,5699.00,USD,Tone Shop Guitars,https://reverb.com/item/88622385-gibson-sj-200-standard-maple-tri-burst-w-case
100148566,Gibson 50s J-45 Original Vintage Sunburst (011),Gibson,Gibson 50s J-45 Original Vintage Sunburst (011),,Brand New,3199.00,USD,Willcutt Guitars,https://reverb.com/item/100148566-gibson-50s-j-45-original-vintage-sunburst-011
37522784,Gibson '50s J-45 Original Vintage Ebony,Gibson,Gibson '50s J-45 Original,,Brand New,3199.00,USD,Detroit Guitar,https://reverb.com/item/37522784-gibson-50s-j-45-original-vintage-ebony
99554711,Gibson J-45 Standard - Vintage Sunburst,Gibson,Gibson J-45 Standard - Vintage Sunburst,,Brand New,2999.00,USD,Music Villa,https://reverb.com/item/99554711-gibson-j-45-standard-vintage-sunburst
94599009,Gibson LG-2 50s Original in Vintage Sunburst #23085003,Gibson,Gibson LG-2 50s Original in #23085003,,Brand New,3168.01,USD,Wildwire Guitars,https://reverb.com/item/94599009-gibson-lg-2-50s-original-in-vintage-sunburst-23085003
92894112,"Gibson L-5 1948 Electro Archtop Guitar, Sunburst, Original Hard Case",Gibson,Gibson L-5,1948,Very Good,16900.86,USD,Absolute Music UK,https://reverb.com/item/92894112-gibson-l-5-1948-electro-archtop-guitar-sunburst-original-hard-case
78319506,Gibson SJ-200 Original in Vintage Sunburst #23203057,Gibson,Gibson SJ-200 Original in #23203057,,Brand New,5867.67,USD,Wildwire Guitars,https://reverb.com/item/78319506-gibson-sj-200-original-in-vintage-sunburst-23203057
73468393,Gibson Southern Jumbo Original in Vintage Sunburst #22013030,Gibson,Gibson Southern Jumbo Original in #22013030,,Brand New,3520.14,USD,Wildwire Guitars,https://reverb.com/item/73468393-gibson-southern-jumbo-original-in-vintage-sunburst-22013030
96237823,Gibson Vintage 1968 Blue Ridge Dreadnought Acoustic Guitar w/ Hard Case,Gibson,Gibson Blue Ridge Dreadnaught Guitar w/ Hard Case,1968,Very Good,2108.99,USD,DeMont Guitars,https://reverb.com/item/96237823-gibson-vintage-1968-blue-ridge-dreadnought-acoustic-guitar-w-hard-case
85945455,CHITARRA ACUSTICA GIBSON SJ-200 Original  Antique Natural,Gibson,GIBSON,,Brand New,5921.45,USD,Firefly Audio,https://reverb.com/item/85945455-chitarra-acustica-gibson-sj-200-original-antique-natural
85945440,CHITARRA ACUSTICA GIBSON Orianthi SJ-200,Gibson,GIBSON,,Brand New,7209.00,USD,Firefly Audio,https://reverb.com/item/85945440-chitarra-acustica-gibson-orianthi-sj-200
82739197,Gibson 1957 SJ-200 - Vintage Sunburst,Gibson,Gibson 1957 SJ-200 - Vintage Sunburst,,Brand New,6299.00,USD,Dave's Guitar Shop,https://reverb.com/item/82739197-gibson-1957-sj-200-vintage-sunburst
85842410,Gibson 1957 SJ-200 - Antique Natural,Gibson,Gibson 1957 SJ-200 - Antique Natural,,Brand New,6299.00,USD,Dave's Guitar Shop,https://reverb.com/item/85842410-gibson-1957-sj-200-antique-natural
96560082,Gibson Pre-War SJ-200 Rosewood VOS in Vintage Sunburst,Gibson,Gibson,2026,Brand New,7499.00,USD,Casino Guitars,https://reverb.com/item/96560082-gibson-pre-war-sj-200-rosewood-vos-in-vintage-sunburst
91941239,Gibson Pre-War SJ-200 -  Rosewood,Gibson,Gibson Pre-War SJ-200 -  Rosewood,,Brand New,7499.00,USD,Music Villa,https://reverb.com/item/91941239-gibson-pre-war-sj-200-rosewood
85645729,Gibson 1939 J-55 in Faded Vintage Sunburst #21474003,Gibson,Gibson J-55 in Faded #21474003,,Brand New,5046.03,USD,Wildwire Guitars,https://reverb.com/item/85645729-gibson-1939-j-55-in-faded-vintage-sunburst-21474003
99408604,Gibson L-00 Century 12-Fret - Vintage Amber,Gibson,Gibson L-00 Century 12-Fret -,,Brand New,2299.00,USD,Cream City Music,https://reverb.com/item/99408604-gibson-l-00-century-12-fret-vintage-amber
92368792,"Gibson Custom Shop Pre-War SJ-200 Rosewood, Murphy Lab Light Aged - Faded Vintage Sunburst 22295003",Gibson,"Gibson Custom Pre-War SJ-200 Rosewood, Light Aged",,Brand New,7799.00,USD,The Guitar Store at Quimper Sound Records,https://reverb.com/item/92368792-gibson-custom-shop-pre-war-sj-200-rosewood-murphy-lab-light-aged-faded-vintage-sunburst-22295003
88733261,Gibson Acoustic Custom Shop 1936 Advanced Jumbo Vintage Sunburst 4.40 LBS,Gibson,Gibson Acoustic Custom Shop 1936 Advanced Jumbo Vintage Sunburst 4.40 LBS,2025,Brand New,5499.00,USD,Wild West Guitars,https://reverb.com/item/88733261-gibson-acoustic-custom-shop-1936-advanced-jumbo-vintage-sunburst-4-40-lbs
84636198,Gibson 1936 Advanced Jumbo - Vintage Sunburst,Gibson,Gibson 1936 Advanced Jumbo - Vintage Sunburst,,Brand New,5499.00,USD,Dave's Guitar Shop,https://reverb.com/item/84636198-gibson-1936-advanced-jumbo-vintage-sunburst
99618601,"Gibson SJ-200 Original, Vintage Sunburst, W/ Hardshell Case",Gibson,"Gibson SJ-200 Original, , W/ Hardshell Case",,Brand New,5699.00,USD,Gelb Music's Reverb Store,https://reverb.com/item/99618601-gibson-sj-200-original-vintage-sunburst-w-hardshell-case
80100430,Gibson SJ-200 Original Vintage Sunburst w/case,Gibson,Gibson SJ-200 Original w/case,,Brand New,5699.00,USD,Tone Shop Guitars,https://reverb.com/item/80100430-gibson-sj-200-original-vintage-sunburst-w-case
97222155,Gibson SJ-200 60’s Original - Vintage Sunburst,Gibson,Gibson SJ-200 60’s Original - Vintage Sunburst,,Brand New,5699.00,USD,Music Villa,https://reverb.com/item/97222155-gibson-sj-200-60-s-original-vintage-sunburst
78737684,Gibson SJ-200 Original Vintage Sunburst w/case,Gibson,Gibson SJ-200 Original w/case,,Brand New,5699.00,USD,Tone Shop Guitars,https://reverb.com/item/78737684-gibson-sj-200-original-vintage-sunburst-w-case
100148570,Gibson J-160E Original Vintage Sunburst (012),Gibson,Gibson J-160E Original Vintage Sunburst (012),,Brand New,3999.00,USD,Willcutt Guitars,https://reverb.com/item/100148570-gibson-j-160e-original-vintage-sunburst-012
96688508,Gibson LG-2 50’s Original - Antique Natural,Gibson,Gibson LG-2 50’s Original - Antique Natural,,Brand New,2999.00,USD,Music Villa,https://reverb.com/item/96688508-gibson-lg-2-50-s-original-antique-natural
93517343,Gibson J-185 Original - Vintage Sunburst,Gibson,Gibson J-185 Original - Vintage Sunburst,,Brand New,3999.00,USD,Music Villa,https://reverb.com/item/93517343-gibson-j-185-original-vintage-sunburst
99294227,"Gibson Hummingbird Original Acoustic/ Electric Guitar, Heritage Cherry Sunburst W/Case",Gibson,"Gibson Hummingbird Original Acoustic/ Electric Guitar, W/Case",,Brand New,3999.00,USD,Gelb Music's Reverb Store,https://reverb.com/item/99294227-gibson-hummingbird-original-acoustic-electric-guitar-heritage-cherry-sunburst-w-case
90049355,Gibson Original Acoustic Hummingbird Original Electric-Acoustic LR Baggs VTC Pickup Antique Natural 4.40 lbs,Gibson,Gibson Original Acoustic Hummingbird Original Electric-Acoustic LR Baggs VTC Pickup Antique Natural 4.40 lbs,2025,Brand New,3999.00,USD,Wild West Guitars,https://reverb.com/item/90049355-gibson-original-acoustic-hummingbird-original-electric-acoustic-lr-baggs-vtc-pickup-antique-natural-4-40-lbs
91268751,Gibson J-185 Original Vintage Sunburst w/case,Gibson,Gibson J-185 Original w/case,,Brand New,3999.00,USD,Tone Shop Guitars,https://reverb.com/item/91268751-gibson-j-185-original-vintage-sunburst-w-case
98821856,Gibson J 185 Original Acoustic Electric Guitar Vintage Sunburst,Gibson,Gibson J 185 Original Acoustic Electric Guitar Vintage Sunburst,,Mint,3399.89,USD,Sam Ash Music Direct,https://reverb.com/item/98821856-gibson-j-185-original-acoustic-electric-guitar-vintage-sunburst
100148568,Gibson Custom Shop 1960 Hummingbird Fixed Bridge Heritage Cherry (011),Gibson,Gibson Custom Shop 1960 Hummingbird Fixed Bridge Heritage Cherry (011),,Brand New,5199.00,USD,Willcutt Guitars,https://reverb.com/item/100148568-gibson-custom-shop-1960-hummingbird-fixed-bridge-heritage-cherry-011
92484549,Gibson L-00 Original,Gibson,Gibson L-00 Original,,Brand New,2999.00,USD,Music Villa,https://reverb.com/item/92484549-gibson-l-00-original
90968056,Gibson 1960 Hummingbird Fixed Bridge Left Hand - Heritage Cherry Sunburst,Gibson,Gibson 1960 Hummingbird Fixed Bridge Left Hand - Heritage Cherry Sunburst,,Brand New,5199.00,USD,Dave's Guitar Shop,https://reverb.com/item/90968056-gibson-1960-hummingbird-fixed-bridge-left-hand-heritage-cherry-sunburst
93273997,Gibson L-00 Special Acoustic Electric Guitar - Satin Vintage Sunburst,Gibson,Gibson L00 Special Acoustic Electric Guitar - Satin Vintage Sunburst,,Brand New,2812.01,USD,DW Music ,https://reverb.com/item/93273997-gibson-l-00-special-acoustic-electric-guitar-satin-vintage-sunburst
91075463,Gibson SJ-200 Custom - Ebony,Gibson,Gibson SJ-200 Custom - Ebony,,Brand New,7499.00,USD,Dave's Guitar Shop,https://reverb.com/item/91075463-gibson-sj-200-custom-ebony
98822040,Gibson L-00 Special-Satin Natural,Gibson,Gibson L-00 Special-Satin Natural,,Mint,1699.89,USD,Sam Ash Music Direct,https://reverb.com/item/98822040-gibson-l-00-special-satin-natural
83511688,Gibson Custom Shop Songwriter EC Custom Ebony (063),Gibson,Gibson Custom Shop Songwriter EC Custom Ebony (063),,Brand New,4999.00,USD,Willcutt Guitars,https://reverb.com/item/83511688-gibson-custom-shop-songwriter-ec-custom-ebony-063
96561016,Gibson Songwriter Recording Artist,Gibson,Gibson Songwriter Recording Artist,2026 - Present,Excellent,4500.00,USD,Tri-State Guitars ,https://reverb.com/item/96561016-gibson-songwriter-recording-artist
92484540,Gibson Parlor Rosewood EC - Rosewood Burst,Gibson,Gibson Parlor Rosewood EC - Rosewood Burst,,Brand New,2999.00,USD,Music Villa,https://reverb.com/item/92484540-gibson-parlor-rosewood-ec-rosewood-burst
90722234,Gibson J-45 Special Satin Vintage Sunburst w/softcase,Gibson,Gibson J-45 Special Satin Vintage Sunburst w/softcase,,Brand New,1999.00,USD,Tone Shop Guitars,https://reverb.com/item/90722234-gibson-j-45-special-satin-vintage-sunburst-w-softcase
87883774,Gibson J-45 Special Satin Vintage Sunburst w/softcase,Gibson,Gibson J-45 Special Satin Vintage Sunburst w/softcase,,Brand New,1999.00,USD,Tone Shop Guitars,https://reverb.com/item/87883774-gibson-j-45-special-satin-vintage-sunburst-w-softcase
98895021,Gibson - LG-2 All Mahogany Faded - Acoustic-Electric Guitar - Natural - with  Hardshell Case - x6022 (OCSBLGMFN-6038),Gibson,Gibson - LG-2 Faded - -Electric Guitar - Natural - w/ Hardshell Case - x6022,,Brand New,2399.00,USD,Manchester Music Mill,https://reverb.com/item/98895021-gibson-lg-2-all-mahogany-faded-acoustic-electric-guitar-natural-with-hardshell-case-x6022-ocsblgmfn-6038
96522009,Gibson - LG-2 All Mahogany Faded - Acoustic-Electric Guitar - Natural - with  Hardshell Case - x6022 (OCSBLGMFN-6022),Gibson,Gibson - LG-2 Faded - -Electric Guitar - Natural - w/ Hardshell Case - x6022,,Brand New,2399.00,USD,Manchester Music Mill,https://reverb.com/item/96522009-gibson-lg-2-all-mahogany-faded-acoustic-electric-guitar-natural-with-hardshell-case-x6022-ocsblgmfn-6022
95596459,Gibson L-00 Special Satin Natural w/Softcase,Gibson,Gibson L-00 Special Satin Natural w/Softcase,,Brand New,1999.00,USD,Tone Shop Guitars,https://reverb.com/item/95596459-gibson-l-00-special-satin-natural-w-softcase
97630651,Gibson L-00 Special Satin Natural (085),Gibson,Gibson L-00 Special Satin Natural (085),,Brand New,1999.00,USD,Willcutt Guitars,https://reverb.com/item/97630651-gibson-l-00-special-satin-natural-085
99193382,Gibson Hummingbird Special Satin Ebony w/Softcase,Gibson,Gibson Hummingbird Special Satin Ebony w/Softcase,,Brand New,2199.00,USD,Tone Shop Guitars,https://reverb.com/item/99193382-gibson-hummingbird-special-satin-ebony-w-softcase
95596466,Gibson Hummingbird Special Satin Natural w/Softcase,Gibson,Gibson Hummingbird Special Satin Natural w/Softcase,,Brand New,2199.00,USD,Tone Shop Guitars,https://reverb.com/item/95596466-gibson-hummingbird-special-satin-natural-w-softcase
88393163,1939 J-55 - Faded Vintage Sunburst,Gibson,Gibson 1939 J-55 - Faded Vintage Sunburst,,Brand New,4999.00,USD,Dave's Guitar Shop,https://reverb.com/item/88393163-1939-j-55-faded-vintage-sunburst
49345708,CHITARRA ACUSTICA EPIPHONE SLASH J-45 STANDARD November Burst,Gibson,GIBSON,,Brand New,1003.00,USD,Firefly Audio,https://reverb.com/item/49345708-chitarra-acustica-epiphone-slash-j-45-standard-november-burst
62546943,Gibson J-35 '30s Faded Natural,Gibson,Gibson J-35 '30s Faded Natural,,Brand New,2096.34,USD,Guitarworks,https://reverb.com/item/62546943-gibson-j-35-30s-faded-natural
93514483,Gibson Custom Shop Keb' Mo' 3.0 Vintage Sunburst (027),Gibson,Gibson Custom Shop Keb' Mo' 3.0 Vintage Sunburst (027),,Brand New,4299.00,USD,Willcutt Guitars,https://reverb.com/item/93514483-gibson-custom-shop-keb-mo-3-0-vintage-sunburst-027
78219904,Gibson Elvis SJ-200 - Ebony,Gibson,Gibson Elvis SJ-200 - Ebony,,Brand New,5499.00,USD,Dave's Guitar Shop,https://reverb.com/item/78219904-gibson-elvis-sj-200-ebony
94786557,Gibson J-45 Studio Rosewood Acoustic-Electric Guitar (Rosewood Burst),Gibson,Gibson J-45 Studio Rosewood Acoustic-Electric Guitar (Rosewood Burst),,Brand New,2507.38,USD,Music City Canada,https://reverb.com/item/94786557-gibson-j-45-studio-rosewood-acoustic-electric-guitar-rosewood-burst
91132781,Gibson J-45 Studio Rosewood Acoustic Guitar; Satin Natural,Gibson,Gibson J-45 Studio Rosewood Acoustic Guitar; Satin Natural,,Brand New,2111.61,USD,Bonners Music,https://reverb.com/item/91132781-gibson-j-45-studio-rosewood-acoustic-guitar-satin-natural
