id,titulo,marca,modelo,ano,preco_valor,moeda,condicao,data_criacao
98036091,Fender Fender Stratocaster w/Pau Ferro Neck MIM Stratocaster 2019 Sunburst 2019 - Sunburst,Fender,Fender Stratocaster w/Pau Ferro Neck MIM Stratocaster 2019 Sunburst,,575.00,USD,Excellent,2026-06-09T14:29:24-05:00
93231483,Fender 70th Anniversary American Professional II Stratocaster 2023 - Present - 3 Tone Sunburst,Fender,Fender Stratocaster American Professional II Stratocaster,,1543.22,USD,Excellent,2025-11-21T14:45:19-06:00
98211647,Fender Stratocaster ST-110FIM Iron Maiden Signature Stratocaster 2001 - 2002 - Black,Fender,Fender Stratocaster ST-110FIM Iron Maiden Signature,,1650.00,USD,Very Good,2026-06-14T15:36:40-05:00
94485799,Fender Fender Stratocaster Highway One HSS 2009 2009,Fender,Fender Stratocaster Highway One HSS 2009,,1578.62,USD,Excellent,2026-02-13T07:27:21-06:00
87893985,Fender Fender Stratocaster 2000s? - Black laquer,Fender,Fender Stratocaster,,775.00,USD,Excellent,2025-03-13T03:38:21-05:00
99580863,Fender Fender Stratocaster with Orig early 90's Eric Clapton Model Electronic 2000 - Red,Fender,Fender Stratocaster with Orig early 90's Eric Clapton Model Electronic,,944.88,USD,Excellent,2026-07-20T14:19:08-05:00
86290325,Fender Stratocaster 50th Anniversary Edition 2004,Fender,Fender Stratocaster 50th Anniversary Edition,,1998.00,USD,Very Good,2024-12-20T16:44:53-06:00
99733669,Fender Standard Stratocaster with Billy Corgan Pickups,Fender,Fender Stratocaster Standard MIM,,550.00,USD,Good,2026-07-25T11:26:33-05:00
94263602,Fender Player II Modified Stratocaster with Maple Fretboard 2025 - Present - 3-Color Sunburst,Fender,FENDER Stratocaster Player II Modified 3Tone Sunburst,,1027.59,USD,Excellent,2026-01-29T10:22:30-06:00
95822347,Fender 60th Anniversary American Series Stratocaster 3TS,Fender,Fender Stratocaster 60th ANNIVERSARY AM SRS STRAT 3TS,,1734.84,USD,Very Good,2026-04-09T11:39:15-05:00
99844563,Fender Stratocaster Str-75r Electric Guitar Made in Japan Gold Floyd,Fender,Fender Stratocaster Str-75r Electric Guitar Made in Japan Gold Floyd,,1006.99,USD,Very Good,2026-07-28T20:38:50-05:00
99524047,FENDER Stratocaster Player HSS - Special Limited Edition - 2022 Made in Mexico - Shell Pink,Fender,FENDER Stratocaster Player HSS - Special Limited Edition - 2022 Made in Mexico - Shell Pink,,899.48,USD,Excellent,2026-07-18T12:22:39-05:00
88453523,Used Fender Stratocaster California - Fiesta Red,Fender,Fender Stratocaster California - Fiesta Red,,1199.00,USD,Very Good,2025-03-29T09:26:50-05:00
99717496,FENDER Stratocaster HSS Player II Modified - Chitarra Elettrica,Fender,FENDER Stratocaster HSS Player II Modified - Chitarra Elettrica,,1100.29,USD,Brand New,2026-07-24T20:03:02-05:00
95498028,FENDER Stratocaster American Professional II RW - 2021 - 3T Sunburst,Fender,FENDER Stratocaster American Professional II RW - 2021 - 3T Sunburst,,1772.50,USD,Excellent,2026-03-27T13:10:21-05:00
100266269,Fender Fender Stratocaster Player 1995 - Yellow/Creme with Kinman Hendrix PIckups,Fender,Fender Stratocaster Player,,1065.56,USD,Very Good,2026-08-08T08:30:01-05:00
98152701,Fender Stratocaster Player TPL OCCASION,Fender,Fender Stratocaster Player TPL OCCASION,,796.11,USD,Excellent,2026-06-12T08:01:24-05:00
94946618,Fender Stratocaster Player Ii,Fender,Fender Stratocaster Player II,,879.39,USD,Very Good,2026-03-10T10:59:32-05:00
92666791,1994 Fender Strat Deluxe Plus,Fender,Fender Stratocaster Deluxe Plus,,1595.00,USD,Very Good,2025-10-17T14:51:39-05:00
99624611,Fender Stratocaster Plus - Olympic white (faded) with 1978 neck 1978 - 1984 - Gloss,Fender,Fender Stratocaster Plus - Olympic white (faded) with 1978 neck,,971.79,USD,Good,2026-07-21T18:52:30-05:00
90173127,Fender Stratocaster VG Mexico,Fender,Fender Stratocaster VG Mexico,,1350.93,USD,Brand New,2025-05-21T12:12:51-05:00
84635576,Fender Stratocaster 1983,Fender,Fender Stratocaster 1983,,1775.93,USD,Brand New,2024-09-13T11:14:04-05:00
59673135,Fender Stratocaster - 1957 American Vintage Reissie 1991 - Billy Corgan Tribute,Fender,Fender Stratocaster - 1957 American Vintage Reissue 1991,,1400.00,USD,Very Good,2022-08-22T12:47:17-05:00
93085405,Fender Stratocaster Plus - Seymour Duncans - Black - 2nd Hand,Fender,Fender Stratocaster Plus - Seymour Duncans - Black - 2nd Hand,,1859.49,USD,Good,2025-11-12T03:07:14-06:00
92559186,Fender Stratocaster Vintera Ii 60 S Ltd Rdwn Mn Blk,Fender,FENDER STRATOCASTER VINTERA II 60S LTD RDWN MN BLK,,1686.52,USD,Brand New,2025-10-11T03:32:55-05:00
84115671,Fender Stratocaster Player Ii Mn Aqb,Fender,FENDER STRATOCASTER PLAYER II MN AQB,,930.83,USD,Brand New,2024-08-08T02:46:13-05:00
84115668,Fender Stratocaster Player Ii Mn Hly,Fender,FENDER STRATOCASTER PLAYER II MN HLY,,930.83,USD,Brand New,2024-08-08T02:46:13-05:00
84007052,Fender Stratocaster Fsr Am Perf Tmbr Mn 2 Tsb,Fender,FENDER STRATOCASTER FSR AM PERF TMBR MN 2TSB,,1745.31,USD,Brand New,2024-08-01T02:42:45-05:00
86720150,Fender Stratocaster De Vta Ii 50 S Gld Mn Wbl,Fender,FENDER STRATOCASTER DE VTA II 50S GLD MN WBL,,1490.55,USD,Brand New,2025-01-21T03:06:45-06:00
96868323,FENDER STRATOCASTER LTD VINT II RDWN 60S RW SNB,Fender,FENDER STRATOCASTER LTD VINT II RDWN 60S RW SNB,,1687.74,USD,Brand New,2026-05-07T12:18:33-05:00
92853667,Fender Stratocaster Am Pro Clsc Mn Flpb,Fender,FENDER STRATOCASTER AM PRO CLSC MN FLPB,,1963.32,USD,Brand New,2025-10-29T04:28:09-05:00
94079302,Fender Stratocaster Player Ii Modified  Rw DS K,Fender,FENDER STRATOCASTER PLAYER II MODIFIED  RW DSK,,1222.33,USD,Brand New,2026-01-16T02:41:36-06:00
92559183,Fender Stratocaster Ltd Hybr ID Ii Hss Rw Ins Ec 23,Fender,FENDER STRATOCASTER LTD HYBRID II HSS RW INS EC-23,,1778.38,USD,Brand New,2025-10-11T03:32:55-05:00
84635578,Fender Stratocaster 40th,Fender,Fender Stratocaster 40th,,1775.93,USD,Brand New,2024-09-13T11:14:15-05:00
88978040,Fender Stratocaster Player Ii Hss Rw Ssy,Fender,FENDER STRATOCASTER PLAYER II HSS RW SSY,,1227.23,USD,Brand New,2025-04-12T03:58:57-05:00
85205532,Fender Stratocaster Player Ii Rw Crr,Fender,FENDER STRATOCASTER PLAYER II RW CRR,,916.13,USD,Brand New,2024-10-15T08:25:55-05:00
86720145,Fender Stratocaster Am Performer Ltd Mch,Fender,FENDER STRATOCASTER AM PERFORMER LTD MCH,,1829.82,USD,Brand New,2025-01-21T03:06:36-06:00
88978038,Fender Stratocaster Player Ii Hss Rw Elb,Fender,FENDER STRATOCASTER PLAYER II HSS RW ELB,,1227.23,USD,Brand New,2025-04-12T03:58:56-05:00
96868329,FENDER STRATOCASTER AM PRO CLSC RW FSGM,Fender,FENDER STRATOCASTER AM PRO CLSC RW FSGM,,1987.81,USD,Brand New,2026-05-07T12:18:40-05:00
88759273,FENDER STRATOCASTER STD HSS MN WPG AMM,Fender,FENDER STRATOCASTER STD HSS MN WPG AMM,,679.75,USD,Brand New,2025-04-05T03:11:44-05:00
86846462,Fender Stratocaster Plyr Ii Hss Mn Aqb,Fender,FENDER STRATOCASTER PLYR II HSS MN AQB,,962.67,USD,Brand New,2025-01-29T08:41:14-06:00
96519754,FENDER STRATOCASTER LIMITED EDITION PLAYER II LPB,Fender,FENDER STRATOCASTER LIMITED EDITION PLAYER II LPB,,1016.57,USD,Brand New,2026-04-29T12:18:16-05:00
92559181,Fender Stratocaster Am Pro Clsc Rw Fdkr,Fender,FENDER STRATOCASTER AM PRO CLSC RW FDKR,,1963.32,USD,Brand New,2025-10-11T03:32:55-05:00
93238165,Fender Stratocaster Vint Ii Mn Oct,Fender,FENDER STRATOCASTER VINT II MN OCT,,1293.36,USD,Brand New,2025-11-22T03:00:59-06:00
91990354,Fender Stratocaster Jimi Hendrix Mn 3 Ts,Fender,FENDER STRATOCASTER JIMI HENDRIX MN 3TS,,1614.26,USD,Brand New,2025-08-29T03:54:55-05:00
88978041,Fender Stratocaster Player Ii Rw Elb,Fender,FENDER STRATOCASTER PLAYER II RW ELB,,1170.89,USD,Brand New,2025-04-12T03:58:57-05:00
100116738,FENDER - STRATOCASTER VINTERA 50\'S SN/MX19060442,Fender,FENDER - STRATOCASTER VINTERA 50\'S SN/MX19060442,,932.06,USD,Excellent,2026-08-04T20:55:17-05:00
88759238,Fender Stratocaster De Vta 60 S Ii Rw Frd,Fender,FENDER STRATOCASTER DE VTA 60S II RW FRD,,1458.71,USD,Brand New,2025-04-05T03:10:32-05:00
88978043,Fender Stratocaster Player Ii Mn Hgm,Fender,FENDER STRATOCASTER PLAYER II MN HGM,,1170.89,USD,Brand New,2025-04-12T03:58:57-05:00
86928611,Fender Stratocaster Player Ii Hss Rw Wbl,Fender,FENDER STRATOCASTER PLAYER II HSS RW WBL,,1045.96,USD,Brand New,2025-02-01T10:15:15-06:00
